Id,log_date,log_time,total_sleep_records,total_sleep_minutes,total_time_in_bed,sleep_efficiency,dataset_window,window_day_index,week_day,is_weekend
5553957443,2016-04-17,00:00:00,1.0,350.0,402.0,0.87064676616915426,2016-04-12_to_2016-05-12,6,1,true
2347167796,2016-04-17,00:00:00,1.0,556.0,602.0,0.92358803986710969,2016-04-12_to_2016-05-12,6,1,true
4702921684,2016-04-17,00:00:00,1.0,591.0,612.0,0.96568627450980393,2016-04-12_to_2016-05-12,6,1,true
8378563200,2016-04-17,00:00:00,2.0,525.0,591.0,0.8883248730964467,2016-04-12_to_2016-05-12,6,1,true
6117666160,2016-04-17,00:00:00,2.0,336.0,350.0,0.96,2016-04-12_to_2016-05-12,6,1,true
4388161847,2016-04-17,00:00:00,2.0,619.0,641.0,0.96567862714508579,2016-04-12_to_2016-05-12,6,1,true
5577150313,2016-04-17,00:00:00,1.0,549.0,583.0,0.94168096054888506,2016-04-12_to_2016-05-12,6,1,true
1503960366,2016-04-17,00:00:00,1.0,700.0,712.0,0.9831460674157303,2016-04-12_to_2016-05-12,6,1,true
3977333714,2016-04-17,00:00:00,1.0,381.0,566.0,0.67314487632508835,2016-04-12_to_2016-05-12,6,1,true
2026352035,2016-04-17,00:00:00,1.0,437.0,498.0,0.8775100401606426,2016-04-12_to_2016-05-12,6,1,true
6962181067,2016-04-17,00:00:00,1.0,427.0,446.0,0.95739910313901344,2016-04-12_to_2016-05-12,6,1,true
4445114986,2016-04-17,00:00:00,1.0,98.0,107.0,0.91588785046728971,2016-04-12_to_2016-05-12,6,1,true
7086361926,2016-04-24,00:00:00,1.0,681.0,704.0,0.96732954545454541,2016-04-12_to_2016-05-12,13,1,true
5553957443,2016-04-24,00:00:00,2.0,553.0,640.0,0.8640625,2016-04-12_to_2016-05-12,13,1,true
6962181067,2016-04-24,00:00:00,1.0,511.0,514.0,0.99416342412451364,2016-04-12_to_2016-05-12,13,1,true
4388161847,2016-04-24,00:00:00,3.0,552.0,595.0,0.92773109243697482,2016-04-12_to_2016-05-12,13,1,true
2347167796,2016-04-24,00:00:00,1.0,442.0,459.0,0.96296296296296291,2016-04-12_to_2016-05-12,13,1,true
3977333714,2016-04-24,00:00:00,1.0,310.0,526.0,0.58935361216730042,2016-04-12_to_2016-05-12,13,1,true
8378563200,2016-04-24,00:00:00,1.0,458.0,492.0,0.93089430894308944,2016-04-12_to_2016-05-12,13,1,true
5577150313,2016-04-24,00:00:00,1.0,543.0,615.0,0.88292682926829269,2016-04-12_to_2016-05-12,13,1,true
4702921684,2016-04-24,00:00:00,1.0,480.0,506.0,0.9486166007905138,2016-04-12_to_2016-05-12,13,1,true
4319703577,2016-04-24,00:00:00,1.0,467.0,501.0,0.93213572854291415,2016-04-12_to_2016-05-12,13,1,true
2026352035,2016-04-24,00:00:00,1.0,555.0,591.0,0.93908629441624369,2016-04-12_to_2016-05-12,13,1,true
6117666160,2016-04-24,00:00:00,1.0,353.0,367.0,0.96185286103542234,2016-04-12_to_2016-05-12,13,1,true
1503960366,2016-04-24,00:00:00,1.0,430.0,449.0,0.95768374164810688,2016-04-12_to_2016-05-12,13,1,true
1503960366,2016-05-01,00:00:00,1.0,369.0,396.0,0.93181818181818177,2016-04-12_to_2016-05-12,20,1,true
4558609924,2016-05-01,00:00:00,1.0,115.0,129.0,0.89147286821705429,2016-04-12_to_2016-05-12,20,1,true
7007744171,2016-05-01,00:00:00,1.0,58.0,61.0,0.95081967213114749,2016-04-12_to_2016-05-12,20,1,true
8792009665,2016-05-01,00:00:00,1.0,503.0,527.0,0.95445920303605314,2016-04-12_to_2016-05-12,20,1,true
2026352035,2016-05-01,00:00:00,1.0,527.0,546.0,0.96520146520146521,2016-04-12_to_2016-05-12,20,1,true
1844505072,2016-05-01,00:00:00,1.0,590.0,961.0,0.6139438085327783,2016-04-12_to_2016-05-12,20,1,true
3977333714,2016-05-01,00:00:00,1.0,383.0,626.0,0.61182108626198084,2016-04-12_to_2016-05-12,20,1,true
8378563200,2016-05-01,00:00:00,1.0,475.0,539.0,0.88126159554730987,2016-04-12_to_2016-05-12,20,1,true
5553957443,2016-05-01,00:00:00,2.0,622.0,686.0,0.90670553935860054,2016-04-12_to_2016-05-12,20,1,true
4388161847,2016-05-01,00:00:00,1.0,547.0,597.0,0.916247906197655,2016-04-12_to_2016-05-12,20,1,true
4445114986,2016-05-01,00:00:00,2.0,439.0,459.0,0.95642701525054463,2016-04-12_to_2016-05-12,20,1,true
5577150313,2016-05-01,00:00:00,1.0,379.0,398.0,0.95226130653266328,2016-04-12_to_2016-05-12,20,1,true
4319703577,2016-05-01,00:00:00,1.0,484.0,500.0,0.968,2016-04-12_to_2016-05-12,20,1,true
6117666160,2016-05-01,00:00:00,1.0,507.0,575.0,0.88173913043478258,2016-04-12_to_2016-05-12,20,1,true
6962181067,2016-05-01,00:00:00,1.0,411.0,426.0,0.96478873239436624,2016-04-12_to_2016-05-12,20,1,true
7086361926,2016-05-01,00:00:00,1.0,388.0,407.0,0.95331695331695332,2016-04-12_to_2016-05-12,20,1,true
8378563200,2016-05-08,00:00:00,1.0,545.0,606.0,0.89933993399339929,2016-04-12_to_2016-05-12,27,1,true
5553957443,2016-05-08,00:00:00,1.0,568.0,608.0,0.93421052631578949,2016-04-12_to_2016-05-12,27,1,true
4558609924,2016-05-08,00:00:00,1.0,123.0,134.0,0.917910447761194,2016-04-12_to_2016-05-12,27,1,true
4445114986,2016-05-08,00:00:00,1.0,361.0,391.0,0.92327365728900257,2016-04-12_to_2016-05-12,27,1,true
4319703577,2016-05-08,00:00:00,1.0,602.0,638.0,0.94357366771159878,2016-04-12_to_2016-05-12,27,1,true
2026352035,2016-05-08,00:00:00,1.0,541.0,568.0,0.95246478873239437,2016-04-12_to_2016-05-12,27,1,true
1644430081,2016-05-08,00:00:00,1.0,137.0,154.0,0.88961038961038963,2016-04-12_to_2016-05-12,27,1,true
4020332650,2016-05-08,00:00:00,1.0,364.0,402.0,0.90547263681592038,2016-04-12_to_2016-05-12,27,1,true
6117666160,2016-05-08,00:00:00,1.0,555.0,603.0,0.92039800995024879,2016-04-12_to_2016-05-12,27,1,true
6962181067,2016-05-08,00:00:00,1.0,541.0,569.0,0.95079086115992972,2016-04-12_to_2016-05-12,27,1,true
1503960366,2016-05-08,00:00:00,1.0,594.0,611.0,0.972176759410802,2016-04-12_to_2016-05-12,27,1,true
4388161847,2016-05-08,00:00:00,2.0,529.0,541.0,0.977818853974122,2016-04-12_to_2016-05-12,27,1,true
3977333714,2016-05-08,00:00:00,2.0,259.0,456.0,0.56798245614035092,2016-04-12_to_2016-05-12,27,1,true
7086361926,2016-05-08,00:00:00,1.0,481.0,510.0,0.94313725490196076,2016-04-12_to_2016-05-12,27,1,true
6962181067,2016-04-18,00:00:00,1.0,442.0,458.0,0.96506550218340614,2016-04-12_to_2016-05-12,7,2,false
4319703577,2016-04-18,00:00:00,1.0,515.0,551.0,0.93466424682395643,2016-04-12_to_2016-05-12,7,2,false
8378563200,2016-04-18,00:00:00,1.0,398.0,451.0,0.8824833702882483,2016-04-12_to_2016-05-12,7,2,false
5553957443,2016-04-18,00:00:00,2.0,520.0,541.0,0.96118299445471345,2016-04-12_to_2016-05-12,7,2,false
5577150313,2016-04-18,00:00:00,1.0,527.0,553.0,0.9529837251356239,2016-04-12_to_2016-05-12,7,2,false
3977333714,2016-04-18,00:00:00,2.0,412.0,522.0,0.789272030651341,2016-04-12_to_2016-05-12,7,2,false
4388161847,2016-04-18,00:00:00,1.0,99.0,104.0,0.95192307692307687,2016-04-12_to_2016-05-12,7,2,false
2347167796,2016-04-18,00:00:00,1.0,500.0,557.0,0.89766606822262118,2016-04-12_to_2016-05-12,7,2,false
6117666160,2016-04-18,00:00:00,2.0,493.0,510.0,0.96666666666666667,2016-04-12_to_2016-05-12,7,2,false
4702921684,2016-04-18,00:00:00,1.0,293.0,312.0,0.9391025641025641,2016-04-12_to_2016-05-12,7,2,false
5553957443,2016-04-25,00:00:00,1.0,433.0,468.0,0.92521367521367526,2016-04-12_to_2016-05-12,14,2,false
2026352035,2016-04-25,00:00:00,1.0,506.0,531.0,0.95291902071563084,2016-04-12_to_2016-05-12,14,2,false
6962181067,2016-04-25,00:00:00,1.0,400.0,415.0,0.963855421686747,2016-04-12_to_2016-05-12,14,2,false
5577150313,2016-04-25,00:00:00,1.0,421.0,461.0,0.913232104121475,2016-04-12_to_2016-05-12,14,2,false
4445114986,2016-04-25,00:00:00,1.0,328.0,345.0,0.95072463768115945,2016-04-12_to_2016-05-12,14,2,false
4702921684,2016-04-25,00:00:00,1.0,370.0,380.0,0.97368421052631582,2016-04-12_to_2016-05-12,14,2,false
3977333714,2016-04-25,00:00:00,1.0,262.0,467.0,0.56102783725910066,2016-04-12_to_2016-05-12,14,2,false
7086361926,2016-04-25,00:00:00,1.0,446.0,447.0,0.99776286353467558,2016-04-12_to_2016-05-12,14,2,false
1503960366,2016-04-25,00:00:00,1.0,277.0,323.0,0.85758513931888547,2016-04-12_to_2016-05-12,14,2,false
4319703577,2016-04-25,00:00:00,1.0,488.0,506.0,0.96442687747035571,2016-04-12_to_2016-05-12,14,2,false
2347167796,2016-04-25,00:00:00,1.0,433.0,471.0,0.91932059447983017,2016-04-12_to_2016-05-12,14,2,false
8378563200,2016-04-25,00:00:00,1.0,388.0,402.0,0.96517412935323388,2016-04-12_to_2016-05-12,14,2,false
3977333714,2016-05-02,00:00:00,1.0,230.0,384.0,0.59895833333333337,2016-04-12_to_2016-05-12,21,2,false
1503960366,2016-05-02,00:00:00,1.0,277.0,309.0,0.8964401294498382,2016-04-12_to_2016-05-12,21,2,false
8378563200,2016-05-02,00:00:00,1.0,351.0,385.0,0.91168831168831166,2016-04-12_to_2016-05-12,21,2,false
6962181067,2016-05-02,00:00:00,1.0,466.0,482.0,0.966804979253112,2016-04-12_to_2016-05-12,21,2,false
7086361926,2016-05-02,00:00:00,1.0,440.0,459.0,0.95860566448801743,2016-04-12_to_2016-05-12,21,2,false
2026352035,2016-05-02,00:00:00,1.0,511.0,543.0,0.94106813996316763,2016-04-12_to_2016-05-12,21,2,false
4319703577,2016-05-02,00:00:00,1.0,478.0,506.0,0.94466403162055335,2016-04-12_to_2016-05-12,21,2,false
4388161847,2016-05-02,00:00:00,2.0,368.0,376.0,0.97872340425531912,2016-04-12_to_2016-05-12,21,2,false
8792009665,2016-05-02,00:00:00,1.0,415.0,423.0,0.98108747044917255,2016-04-12_to_2016-05-12,21,2,false
5553957443,2016-05-02,00:00:00,1.0,409.0,471.0,0.86836518046709132,2016-04-12_to_2016-05-12,21,2,false
4445114986,2016-05-02,00:00:00,1.0,502.0,542.0,0.92619926199261993,2016-04-12_to_2016-05-12,21,2,false
5577150313,2016-05-02,00:00:00,2.0,525.0,553.0,0.94936708860759489,2016-04-12_to_2016-05-12,21,2,false
1644430081,2016-05-02,00:00:00,1.0,796.0,961.0,0.82830385015608743,2016-04-12_to_2016-05-12,21,2,false
4319703577,2016-05-09,00:00:00,1.0,535.0,565.0,0.94690265486725667,2016-04-12_to_2016-05-12,28,2,false
7086361926,2016-05-09,00:00:00,1.0,427.0,438.0,0.97488584474885842,2016-04-12_to_2016-05-12,28,2,false
4388161847,2016-05-09,00:00:00,1.0,62.0,65.0,0.9538461538461539,2016-04-12_to_2016-05-12,28,2,false
6962181067,2016-05-09,00:00:00,1.0,489.0,497.0,0.98390342052313884,2016-04-12_to_2016-05-12,28,2,false
8378563200,2016-05-09,00:00:00,1.0,359.0,399.0,0.899749373433584,2016-04-12_to_2016-05-12,28,2,false
4445114986,2016-05-09,00:00:00,1.0,457.0,533.0,0.85741088180112568,2016-04-12_to_2016-05-12,28,2,false
4702921684,2016-05-09,00:00:00,1.0,435.0,458.0,0.94978165938864634,2016-04-12_to_2016-05-12,28,2,false
2026352035,2016-05-09,00:00:00,1.0,531.0,556.0,0.95503597122302153,2016-04-12_to_2016-05-12,28,2,false
6117666160,2016-05-09,00:00:00,1.0,492.0,522.0,0.94252873563218387,2016-04-12_to_2016-05-12,28,2,false
1503960366,2016-05-09,00:00:00,1.0,338.0,342.0,0.98830409356725146,2016-04-12_to_2016-05-12,28,2,false
5553957443,2016-05-09,00:00:00,1.0,453.0,494.0,0.917004048582996,2016-04-12_to_2016-05-12,28,2,false
4020332650,2016-04-12,00:00:00,1.0,501.0,541.0,0.92606284658040661,2016-04-12_to_2016-05-12,1,3,false
5577150313,2016-04-12,00:00:00,1.0,419.0,438.0,0.95662100456621,2016-04-12_to_2016-05-12,1,3,false
4702921684,2016-04-12,00:00:00,1.0,425.0,439.0,0.96810933940774491,2016-04-12_to_2016-05-12,1,3,false
2026352035,2016-04-12,00:00:00,1.0,503.0,546.0,0.92124542124542119,2016-04-12_to_2016-05-12,1,3,false
3977333714,2016-04-12,00:00:00,1.0,274.0,469.0,0.58422174840085284,2016-04-12_to_2016-05-12,1,3,false
4445114986,2016-04-12,00:00:00,2.0,429.0,457.0,0.93873085339168494,2016-04-12_to_2016-05-12,1,3,false
8792009665,2016-04-12,00:00:00,1.0,458.0,493.0,0.92900608519269778,2016-04-12_to_2016-05-12,1,3,false
7086361926,2016-04-12,00:00:00,1.0,514.0,525.0,0.979047619047619,2016-04-12_to_2016-05-12,1,3,false
1927972279,2016-04-12,00:00:00,3.0,750.0,775.0,0.967741935483871,2016-04-12_to_2016-05-12,1,3,false
8378563200,2016-04-12,00:00:00,1.0,338.0,356.0,0.949438202247191,2016-04-12_to_2016-05-12,1,3,false
6962181067,2016-04-12,00:00:00,1.0,366.0,387.0,0.94573643410852715,2016-04-12_to_2016-05-12,1,3,false
1503960366,2016-04-12,00:00:00,1.0,327.0,346.0,0.94508670520231219,2016-04-12_to_2016-05-12,1,3,false
5553957443,2016-04-12,00:00:00,1.0,441.0,464.0,0.95043103448275867,2016-04-12_to_2016-05-12,1,3,false
1503960366,2016-04-19,00:00:00,1.0,304.0,320.0,0.95,2016-04-12_to_2016-05-12,8,3,false
7086361926,2016-04-19,00:00:00,1.0,472.0,483.0,0.97722567287784678,2016-04-12_to_2016-05-12,8,3,false
4388161847,2016-04-19,00:00:00,1.0,329.0,338.0,0.97337278106508873,2016-04-12_to_2016-05-12,8,3,false
5577150313,2016-04-19,00:00:00,1.0,449.0,465.0,0.96559139784946235,2016-04-12_to_2016-05-12,8,3,false
2347167796,2016-04-19,00:00:00,1.0,465.0,514.0,0.90466926070038911,2016-04-12_to_2016-05-12,8,3,false
3977333714,2016-04-19,00:00:00,1.0,219.0,395.0,0.5544303797468354,2016-04-12_to_2016-05-12,8,3,false
6962181067,2016-04-19,00:00:00,1.0,476.0,535.0,0.88971962616822431,2016-04-12_to_2016-05-12,8,3,false
8378563200,2016-04-19,00:00:00,1.0,387.0,421.0,0.91923990498812347,2016-04-12_to_2016-05-12,8,3,false
4702921684,2016-04-19,00:00:00,1.0,457.0,487.0,0.9383983572895277,2016-04-12_to_2016-05-12,8,3,false
2026352035,2016-04-19,00:00:00,1.0,498.0,540.0,0.92222222222222228,2016-04-12_to_2016-05-12,8,3,false
5553957443,2016-04-19,00:00:00,1.0,357.0,410.0,0.87073170731707317,2016-04-12_to_2016-05-12,8,3,false
4319703577,2016-04-19,00:00:00,2.0,461.0,498.0,0.92570281124497988,2016-04-12_to_2016-05-12,8,3,false
6117666160,2016-04-19,00:00:00,1.0,465.0,492.0,0.94512195121951215,2016-04-12_to_2016-05-12,8,3,false
4445114986,2016-04-19,00:00:00,2.0,388.0,424.0,0.91509433962264153,2016-04-12_to_2016-05-12,8,3,false
5577150313,2016-04-26,00:00:00,1.0,354.0,377.0,0.93899204244031831,2016-04-12_to_2016-05-12,15,3,false
4558609924,2016-04-26,00:00:00,1.0,103.0,121.0,0.85123966942148765,2016-04-12_to_2016-05-12,15,3,false
4319703577,2016-04-26,00:00:00,1.0,505.0,516.0,0.97868217054263562,2016-04-12_to_2016-05-12,15,3,false
4388161847,2016-04-26,00:00:00,1.0,319.0,346.0,0.9219653179190751,2016-04-12_to_2016-05-12,15,3,false
1927972279,2016-04-26,00:00:00,1.0,296.0,315.0,0.93968253968253967,2016-04-12_to_2016-05-12,15,3,false
7086361926,2016-04-26,00:00:00,1.0,485.0,500.0,0.97,2016-04-12_to_2016-05-12,15,3,false
4445114986,2016-04-26,00:00:00,2.0,353.0,391.0,0.90281329923273657,2016-04-12_to_2016-05-12,15,3,false
4702921684,2016-04-26,00:00:00,1.0,421.0,429.0,0.98135198135198132,2016-04-12_to_2016-05-12,15,3,false
1503960366,2016-04-26,00:00:00,1.0,245.0,274.0,0.8941605839416058,2016-04-12_to_2016-05-12,15,3,false
2347167796,2016-04-26,00:00:00,1.0,436.0,490.0,0.889795918367347,2016-04-12_to_2016-05-12,15,3,false
6962181067,2016-04-26,00:00:00,1.0,441.0,446.0,0.9887892376681614,2016-04-12_to_2016-05-12,15,3,false
8378563200,2016-04-26,00:00:00,1.0,550.0,584.0,0.94178082191780821,2016-04-12_to_2016-05-12,15,3,false
3977333714,2016-04-26,00:00:00,1.0,250.0,371.0,0.67385444743935308,2016-04-12_to_2016-05-12,15,3,false
5553957443,2016-04-26,00:00:00,1.0,412.0,453.0,0.90949227373068431,2016-04-12_to_2016-05-12,15,3,false
4702921684,2016-05-03,00:00:00,1.0,327.0,373.0,0.87667560321715821,2016-04-12_to_2016-05-12,22,3,false
4020332650,2016-05-03,00:00:00,1.0,322.0,332.0,0.96987951807228912,2016-04-12_to_2016-05-12,22,3,false
8378563200,2016-05-03,00:00:00,1.0,405.0,429.0,0.94405594405594406,2016-04-12_to_2016-05-12,22,3,false
7086361926,2016-05-03,00:00:00,1.0,456.0,461.0,0.98915401301518435,2016-04-12_to_2016-05-12,22,3,false
3977333714,2016-05-03,00:00:00,1.0,292.0,500.0,0.584,2016-04-12_to_2016-05-12,22,3,false
4319703577,2016-05-03,00:00:00,1.0,474.0,512.0,0.92578125,2016-04-12_to_2016-05-12,22,3,false
5553957443,2016-05-03,00:00:00,1.0,380.0,429.0,0.88578088578088576,2016-04-12_to_2016-05-12,22,3,false
8792009665,2016-05-03,00:00:00,1.0,516.0,545.0,0.94678899082568813,2016-04-12_to_2016-05-12,22,3,false
5577150313,2016-05-03,00:00:00,1.0,508.0,543.0,0.9355432780847146,2016-04-12_to_2016-05-12,22,3,false
6962181067,2016-05-03,00:00:00,1.0,394.0,418.0,0.9425837320574163,2016-04-12_to_2016-05-12,22,3,false
4445114986,2016-05-03,00:00:00,2.0,417.0,450.0,0.92666666666666664,2016-04-12_to_2016-05-12,22,3,false
1503960366,2016-05-03,00:00:00,1.0,273.0,296.0,0.92229729729729726,2016-04-12_to_2016-05-12,22,3,false
4702921684,2016-05-10,00:00:00,1.0,416.0,431.0,0.96519721577726214,2016-04-12_to_2016-05-12,29,3,false
4388161847,2016-05-10,00:00:00,1.0,354.0,375.0,0.944,2016-04-12_to_2016-05-12,29,3,false
4445114986,2016-05-10,00:00:00,1.0,405.0,426.0,0.95070422535211263,2016-04-12_to_2016-05-12,29,3,false
4319703577,2016-05-10,00:00:00,1.0,487.0,517.0,0.941972920696325,2016-04-12_to_2016-05-12,29,3,false
3977333714,2016-05-10,00:00:00,1.0,312.0,452.0,0.69026548672566368,2016-04-12_to_2016-05-12,29,3,false
2026352035,2016-05-10,00:00:00,1.0,357.0,380.0,0.93947368421052635,2016-04-12_to_2016-05-12,29,3,false
5553957443,2016-05-10,00:00:00,1.0,418.0,443.0,0.94356659142212185,2016-04-12_to_2016-05-12,29,3,false
4020332650,2016-05-10,00:00:00,1.0,442.0,494.0,0.89473684210526316,2016-04-12_to_2016-05-12,29,3,false
8378563200,2016-05-10,00:00:00,1.0,342.0,391.0,0.8746803069053708,2016-04-12_to_2016-05-12,29,3,false
5577150313,2016-05-10,00:00:00,1.0,504.0,562.0,0.896797153024911,2016-04-12_to_2016-05-12,29,3,false
1503960366,2016-05-10,00:00:00,1.0,383.0,403.0,0.95037220843672454,2016-04-12_to_2016-05-12,29,3,false
6962181067,2016-05-10,00:00:00,1.0,469.0,481.0,0.975051975051975,2016-04-12_to_2016-05-12,29,3,false
8792009665,2016-04-13,00:00:00,1.0,531.0,552.0,0.96195652173913049,2016-04-12_to_2016-05-12,2,4,false
2026352035,2016-04-13,00:00:00,1.0,531.0,565.0,0.9398230088495575,2016-04-12_to_2016-05-12,2,4,false
7086361926,2016-04-13,00:00:00,1.0,451.0,465.0,0.96989247311827953,2016-04-12_to_2016-05-12,2,4,false
4445114986,2016-04-13,00:00:00,2.0,370.0,406.0,0.91133004926108374,2016-04-12_to_2016-05-12,2,4,false
5553957443,2016-04-13,00:00:00,2.0,455.0,488.0,0.93237704918032782,2016-04-12_to_2016-05-12,2,4,false
4702921684,2016-04-13,00:00:00,2.0,400.0,430.0,0.93023255813953487,2016-04-12_to_2016-05-12,2,4,false
5577150313,2016-04-13,00:00:00,1.0,432.0,458.0,0.94323144104803491,2016-04-12_to_2016-05-12,2,4,false
3977333714,2016-04-13,00:00:00,2.0,295.0,456.0,0.64692982456140347,2016-04-12_to_2016-05-12,2,4,false
2347167796,2016-04-13,00:00:00,1.0,467.0,531.0,0.879472693032015,2016-04-12_to_2016-05-12,2,4,false
8378563200,2016-04-13,00:00:00,2.0,447.0,487.0,0.917864476386037,2016-04-12_to_2016-05-12,2,4,false
1503960366,2016-04-13,00:00:00,2.0,384.0,407.0,0.94348894348894352,2016-04-12_to_2016-05-12,2,4,false
6962181067,2016-04-13,00:00:00,3.0,630.0,679.0,0.92783505154639179,2016-04-12_to_2016-05-12,2,4,false
6775888955,2016-04-13,00:00:00,1.0,235.0,260.0,0.90384615384615385,2016-04-12_to_2016-05-12,2,4,false
1927972279,2016-04-13,00:00:00,1.0,398.0,422.0,0.943127962085308,2016-04-12_to_2016-05-12,2,4,false
1503960366,2016-04-20,00:00:00,1.0,360.0,377.0,0.95490716180371349,2016-04-12_to_2016-05-12,9,4,false
8378563200,2016-04-20,00:00:00,1.0,381.0,409.0,0.93154034229828853,2016-04-12_to_2016-05-12,9,4,false
5577150313,2016-04-20,00:00:00,1.0,447.0,480.0,0.93125,2016-04-12_to_2016-05-12,9,4,false
4445114986,2016-04-20,00:00:00,1.0,439.0,462.0,0.95021645021645018,2016-04-12_to_2016-05-12,9,4,false
4388161847,2016-04-20,00:00:00,1.0,421.0,451.0,0.93348115299334811,2016-04-12_to_2016-05-12,9,4,false
4702921684,2016-04-20,00:00:00,1.0,454.0,468.0,0.97008547008547008,2016-04-12_to_2016-05-12,9,4,false
6962181067,2016-04-20,00:00:00,1.0,418.0,424.0,0.98584905660377353,2016-04-12_to_2016-05-12,9,4,false
5553957443,2016-04-20,00:00:00,1.0,658.0,678.0,0.97050147492625372,2016-04-12_to_2016-05-12,9,4,false
8792009665,2016-04-20,00:00:00,1.0,528.0,547.0,0.96526508226691043,2016-04-12_to_2016-05-12,9,4,false
7086361926,2016-04-20,00:00:00,1.0,492.0,502.0,0.98007968127490042,2016-04-12_to_2016-05-12,9,4,false
6117666160,2016-04-20,00:00:00,1.0,474.0,502.0,0.94422310756972117,2016-04-12_to_2016-05-12,9,4,false
4319703577,2016-04-20,00:00:00,1.0,523.0,543.0,0.96316758747697973,2016-04-12_to_2016-05-12,9,4,false
2026352035,2016-04-20,00:00:00,1.0,461.0,510.0,0.903921568627451,2016-04-12_to_2016-05-12,9,4,false
8053475328,2016-04-20,00:00:00,1.0,486.0,493.0,0.98580121703853951,2016-04-12_to_2016-05-12,9,4,false
3977333714,2016-04-20,00:00:00,2.0,152.0,305.0,0.49836065573770494,2016-04-12_to_2016-05-12,9,4,false
6117666160,2016-04-27,00:00:00,1.0,542.0,557.0,0.97307001795332138,2016-04-12_to_2016-05-12,16,4,false
3977333714,2016-04-27,00:00:00,1.0,349.0,540.0,0.64629629629629626,2016-04-12_to_2016-05-12,16,4,false
4702921684,2016-04-27,00:00:00,1.0,432.0,449.0,0.96213808463251671,2016-04-12_to_2016-05-12,16,4,false
8378563200,2016-04-27,00:00:00,1.0,531.0,600.0,0.885,2016-04-12_to_2016-05-12,16,4,false
5577150313,2016-04-27,00:00:00,1.0,424.0,452.0,0.93805309734513276,2016-04-12_to_2016-05-12,16,4,false
4388161847,2016-04-27,00:00:00,1.0,439.0,500.0,0.878,2016-04-12_to_2016-05-12,16,4,false
5553957443,2016-04-27,00:00:00,1.0,347.0,391.0,0.887468030690537,2016-04-12_to_2016-05-12,16,4,false
6962181067,2016-04-27,00:00:00,1.0,455.0,467.0,0.974304068522484,2016-04-12_to_2016-05-12,16,4,false
4319703577,2016-04-27,00:00:00,1.0,286.0,307.0,0.9315960912052117,2016-04-12_to_2016-05-12,16,4,false
2347167796,2016-04-27,00:00:00,1.0,448.0,499.0,0.89779559118236474,2016-04-12_to_2016-05-12,16,4,false
7086361926,2016-04-27,00:00:00,1.0,469.0,479.0,0.97912317327766174,2016-04-12_to_2016-05-12,16,4,false
4445114986,2016-04-27,00:00:00,1.0,332.0,374.0,0.88770053475935828,2016-04-12_to_2016-05-12,16,4,false
2026352035,2016-04-27,00:00:00,1.0,508.0,545.0,0.93211009174311932,2016-04-12_to_2016-05-12,16,4,false
8792009665,2016-04-27,00:00:00,1.0,423.0,428.0,0.98831775700934577,2016-04-12_to_2016-05-12,16,4,false
8378563200,2016-05-04,00:00:00,1.0,441.0,477.0,0.92452830188679247,2016-04-12_to_2016-05-12,23,4,false
7086361926,2016-05-04,00:00:00,1.0,420.0,436.0,0.963302752293578,2016-04-12_to_2016-05-12,23,4,false
2026352035,2016-05-04,00:00:00,1.0,538.0,560.0,0.96071428571428574,2016-04-12_to_2016-05-12,23,4,false
4388161847,2016-05-04,00:00:00,1.0,390.0,414.0,0.94202898550724634,2016-04-12_to_2016-05-12,23,4,false
4445114986,2016-05-04,00:00:00,2.0,337.0,363.0,0.928374655647383,2016-04-12_to_2016-05-12,23,4,false
8792009665,2016-05-04,00:00:00,1.0,439.0,463.0,0.94816414686825057,2016-04-12_to_2016-05-12,23,4,false
5553957443,2016-05-04,00:00:00,1.0,447.0,470.0,0.951063829787234,2016-04-12_to_2016-05-12,23,4,false
4702921684,2016-05-04,00:00:00,1.0,412.0,434.0,0.94930875576036866,2016-04-12_to_2016-05-12,23,4,false
3977333714,2016-05-04,00:00:00,1.0,213.0,336.0,0.6339285714285714,2016-04-12_to_2016-05-12,23,4,false
6962181067,2016-05-04,00:00:00,1.0,442.0,455.0,0.97142857142857142,2016-04-12_to_2016-05-12,23,4,false
4020332650,2016-05-04,00:00:00,1.0,478.0,536.0,0.89179104477611937,2016-04-12_to_2016-05-12,23,4,false
5577150313,2016-05-04,00:00:00,1.0,603.0,634.0,0.95110410094637221,2016-04-12_to_2016-05-12,23,4,false
6962181067,2016-05-11,00:00:00,1.0,452.0,480.0,0.94166666666666665,2016-04-12_to_2016-05-12,30,4,false
4319703577,2016-05-11,00:00:00,1.0,529.0,558.0,0.94802867383512546,2016-04-12_to_2016-05-12,30,4,false
5553957443,2016-05-11,00:00:00,1.0,463.0,486.0,0.95267489711934161,2016-04-12_to_2016-05-12,30,4,false
4388161847,2016-05-11,00:00:00,1.0,469.0,494.0,0.94939271255060731,2016-04-12_to_2016-05-12,30,4,false
5577150313,2016-05-11,00:00:00,1.0,431.0,476.0,0.90546218487394958,2016-04-12_to_2016-05-12,30,4,false
8378563200,2016-05-11,00:00:00,1.0,368.0,387.0,0.95090439276485783,2016-04-12_to_2016-05-12,30,4,false
4445114986,2016-05-11,00:00:00,1.0,499.0,530.0,0.94150943396226416,2016-04-12_to_2016-05-12,30,4,false
1503960366,2016-05-11,00:00:00,1.0,285.0,306.0,0.93137254901960786,2016-04-12_to_2016-05-12,30,4,false
4702921684,2016-05-11,00:00:00,1.0,354.0,366.0,0.96721311475409832,2016-04-12_to_2016-05-12,30,4,false
2026352035,2016-05-11,00:00:00,1.0,523.0,553.0,0.945750452079566,2016-04-12_to_2016-05-12,30,4,false
7086361926,2016-05-11,00:00:00,1.0,451.0,463.0,0.97408207343412523,2016-04-12_to_2016-05-12,30,4,false
5577150313,2016-04-14,00:00:00,1.0,477.0,497.0,0.959758551307847,2016-04-12_to_2016-05-12,3,5,false
4445114986,2016-04-14,00:00:00,1.0,441.0,492.0,0.89634146341463417,2016-04-12_to_2016-05-12,3,5,false
4319703577,2016-04-14,00:00:00,1.0,535.0,557.0,0.96050269299820468,2016-04-12_to_2016-05-12,3,5,false
4702921684,2016-04-14,00:00:00,1.0,384.0,415.0,0.92530120481927713,2016-04-12_to_2016-05-12,3,5,false
5553957443,2016-04-14,00:00:00,1.0,357.0,418.0,0.854066985645933,2016-04-12_to_2016-05-12,3,5,false
7086361926,2016-04-14,00:00:00,1.0,472.0,476.0,0.99159663865546221,2016-04-12_to_2016-05-12,3,5,false
8378563200,2016-04-14,00:00:00,1.0,424.0,455.0,0.93186813186813189,2016-04-12_to_2016-05-12,3,5,false
2347167796,2016-04-14,00:00:00,1.0,445.0,489.0,0.91002044989775055,2016-04-12_to_2016-05-12,3,5,false
2026352035,2016-04-14,00:00:00,1.0,545.0,568.0,0.95950704225352113,2016-04-12_to_2016-05-12,3,5,false
8792009665,2016-04-14,00:00:00,1.0,486.0,503.0,0.96620278330019882,2016-04-12_to_2016-05-12,3,5,false
6775888955,2016-04-14,00:00:00,1.0,423.0,441.0,0.95918367346938771,2016-04-12_to_2016-05-12,3,5,false
3977333714,2016-04-14,00:00:00,1.0,291.0,397.0,0.73299748110831231,2016-04-12_to_2016-05-12,3,5,false
6962181067,2016-04-14,00:00:00,2.0,508.0,535.0,0.94953271028037378,2016-04-12_to_2016-05-12,3,5,false
7086361926,2016-04-21,00:00:00,1.0,390.0,411.0,0.948905109489051,2016-04-12_to_2016-05-12,10,5,false
5553957443,2016-04-21,00:00:00,1.0,399.0,431.0,0.925754060324826,2016-04-12_to_2016-05-12,10,5,false
6962181067,2016-04-21,00:00:00,1.0,451.0,457.0,0.986870897155361,2016-04-12_to_2016-05-12,10,5,false
3977333714,2016-04-21,00:00:00,1.0,332.0,512.0,0.6484375,2016-04-12_to_2016-05-12,10,5,false
4319703577,2016-04-21,00:00:00,1.0,59.0,65.0,0.90769230769230769,2016-04-12_to_2016-05-12,10,5,false
5577150313,2016-04-21,00:00:00,1.0,414.0,437.0,0.94736842105263153,2016-04-12_to_2016-05-12,10,5,false
1503960366,2016-04-21,00:00:00,1.0,325.0,364.0,0.8928571428571429,2016-04-12_to_2016-05-12,10,5,false
4445114986,2016-04-21,00:00:00,1.0,436.0,469.0,0.929637526652452,2016-04-12_to_2016-05-12,10,5,false
4702921684,2016-04-21,00:00:00,1.0,425.0,434.0,0.97926267281105994,2016-04-12_to_2016-05-12,10,5,false
4388161847,2016-04-21,00:00:00,1.0,442.0,458.0,0.96506550218340614,2016-04-12_to_2016-05-12,10,5,false
6117666160,2016-04-21,00:00:00,1.0,508.0,550.0,0.92363636363636359,2016-04-12_to_2016-05-12,10,5,false
8378563200,2016-04-21,00:00:00,1.0,396.0,417.0,0.94964028776978415,2016-04-12_to_2016-05-12,10,5,false
4558609924,2016-04-21,00:00:00,1.0,126.0,137.0,0.91970802919708028,2016-04-12_to_2016-05-12,10,5,false
2026352035,2016-04-21,00:00:00,1.0,477.0,514.0,0.92801556420233466,2016-04-12_to_2016-05-12,10,5,false
2347167796,2016-04-21,00:00:00,1.0,460.0,484.0,0.95041322314049592,2016-04-12_to_2016-05-12,10,5,false
8792009665,2016-04-28,00:00:00,1.0,402.0,416.0,0.96634615384615385,2016-04-12_to_2016-05-12,17,5,false
1927972279,2016-04-28,00:00:00,1.0,166.0,178.0,0.93258426966292129,2016-04-12_to_2016-05-12,17,5,false
4445114986,2016-04-28,00:00:00,1.0,419.0,442.0,0.94796380090497734,2016-04-12_to_2016-05-12,17,5,false
2347167796,2016-04-28,00:00:00,1.0,408.0,450.0,0.90666666666666662,2016-04-12_to_2016-05-12,17,5,false
7086361926,2016-04-28,00:00:00,1.0,354.0,367.0,0.96457765667574935,2016-04-12_to_2016-05-12,17,5,false
6962181067,2016-04-28,00:00:00,1.0,440.0,453.0,0.9713024282560706,2016-04-12_to_2016-05-12,17,5,false
1503960366,2016-04-28,00:00:00,1.0,366.0,393.0,0.93129770992366412,2016-04-12_to_2016-05-12,17,5,false
4702921684,2016-04-28,00:00:00,1.0,442.0,461.0,0.95878524945770061,2016-04-12_to_2016-05-12,17,5,false
8378563200,2016-04-28,00:00:00,1.0,506.0,556.0,0.91007194244604317,2016-04-12_to_2016-05-12,17,5,false
2026352035,2016-04-28,00:00:00,1.0,513.0,545.0,0.94128440366972477,2016-04-12_to_2016-05-12,17,5,false
4388161847,2016-04-28,00:00:00,1.0,428.0,458.0,0.93449781659388642,2016-04-12_to_2016-05-12,17,5,false
6117666160,2016-04-28,00:00:00,1.0,393.0,416.0,0.94471153846153844,2016-04-12_to_2016-05-12,17,5,false
4319703577,2016-04-28,00:00:00,1.0,497.0,522.0,0.95210727969348663,2016-04-12_to_2016-05-12,17,5,false
3977333714,2016-04-28,00:00:00,1.0,261.0,423.0,0.61702127659574468,2016-04-12_to_2016-05-12,17,5,false
5577150313,2016-04-28,00:00:00,1.0,361.0,372.0,0.97043010752688175,2016-04-12_to_2016-05-12,17,5,false
5553957443,2016-04-28,00:00:00,1.0,421.0,457.0,0.92122538293216627,2016-04-12_to_2016-05-12,17,5,false
3977333714,2016-05-05,00:00:00,1.0,318.0,480.0,0.6625,2016-04-12_to_2016-05-12,24,5,false
8378563200,2016-05-05,00:00:00,1.0,381.0,417.0,0.91366906474820142,2016-04-12_to_2016-05-12,24,5,false
4388161847,2016-05-05,00:00:00,1.0,471.0,495.0,0.95151515151515154,2016-04-12_to_2016-05-12,24,5,false
5553957443,2016-05-05,00:00:00,1.0,419.0,464.0,0.90301724137931039,2016-04-12_to_2016-05-12,24,5,false
2026352035,2016-05-05,00:00:00,1.0,468.0,485.0,0.96494845360824744,2016-04-12_to_2016-05-12,24,5,false
4020332650,2016-05-05,00:00:00,1.0,226.0,248.0,0.91129032258064513,2016-04-12_to_2016-05-12,24,5,false
5577150313,2016-05-05,00:00:00,1.0,74.0,78.0,0.94871794871794868,2016-04-12_to_2016-05-12,24,5,false
1503960366,2016-05-05,00:00:00,1.0,247.0,264.0,0.93560606060606055,2016-04-12_to_2016-05-12,24,5,false
4445114986,2016-05-05,00:00:00,2.0,462.0,513.0,0.90058479532163738,2016-04-12_to_2016-05-12,24,5,false
6962181067,2016-05-05,00:00:00,1.0,467.0,491.0,0.95112016293279023,2016-04-12_to_2016-05-12,24,5,false
4702921684,2016-05-05,00:00:00,1.0,414.0,428.0,0.96728971962616828,2016-04-12_to_2016-05-12,24,5,false
6117666160,2016-05-05,00:00:00,1.0,392.0,415.0,0.944578313253012,2016-04-12_to_2016-05-12,24,5,false
7086361926,2016-05-12,00:00:00,1.0,444.0,457.0,0.97155361050328226,2016-04-12_to_2016-05-12,31,5,false
4445114986,2016-05-12,00:00:00,1.0,483.0,501.0,0.9640718562874252,2016-04-12_to_2016-05-12,31,5,false
4319703577,2016-05-12,00:00:00,1.0,302.0,321.0,0.940809968847352,2016-04-12_to_2016-05-12,31,5,false
6962181067,2016-05-12,00:00:00,1.0,516.0,535.0,0.96448598130841123,2016-04-12_to_2016-05-12,31,5,false
5553957443,2016-05-12,00:00:00,1.0,438.0,475.0,0.92210526315789476,2016-04-12_to_2016-05-12,31,5,false
8378563200,2016-05-12,00:00:00,1.0,496.0,546.0,0.90842490842490842,2016-04-12_to_2016-05-12,31,5,false
2026352035,2016-05-12,00:00:00,1.0,456.0,485.0,0.9402061855670103,2016-04-12_to_2016-05-12,31,5,false
4702921684,2016-05-12,00:00:00,1.0,404.0,442.0,0.91402714932126694,2016-04-12_to_2016-05-12,31,5,false
2026352035,2016-04-15,00:00:00,1.0,523.0,573.0,0.912739965095986,2016-04-12_to_2016-05-12,4,6,false
4388161847,2016-04-15,00:00:00,1.0,499.0,526.0,0.9486692015209125,2016-04-12_to_2016-05-12,4,6,false
4319703577,2016-04-15,00:00:00,1.0,465.0,491.0,0.94704684317718946,2016-04-12_to_2016-05-12,4,6,false
2347167796,2016-04-15,00:00:00,1.0,452.0,504.0,0.89682539682539686,2016-04-12_to_2016-05-12,4,6,false
7086361926,2016-04-15,00:00:00,1.0,377.0,386.0,0.97668393782383423,2016-04-12_to_2016-05-12,4,6,false
1503960366,2016-04-15,00:00:00,1.0,412.0,442.0,0.9321266968325792,2016-04-12_to_2016-05-12,4,6,false
5553957443,2016-04-15,00:00:00,1.0,377.0,409.0,0.921760391198044,2016-04-12_to_2016-05-12,4,6,false
3977333714,2016-04-15,00:00:00,1.0,424.0,556.0,0.762589928057554,2016-04-12_to_2016-05-12,4,6,false
5577150313,2016-04-15,00:00:00,1.0,392.0,413.0,0.94915254237288138,2016-04-12_to_2016-05-12,4,6,false
4702921684,2016-04-15,00:00:00,1.0,253.0,257.0,0.98443579766536971,2016-04-12_to_2016-05-12,4,6,false
4445114986,2016-04-15,00:00:00,2.0,337.0,379.0,0.8891820580474934,2016-04-12_to_2016-05-12,4,6,false
1927972279,2016-04-15,00:00:00,2.0,475.0,499.0,0.95190380761523041,2016-04-12_to_2016-05-12,4,6,false
8378563200,2016-04-15,00:00:00,1.0,513.0,533.0,0.96247654784240155,2016-04-12_to_2016-05-12,4,6,false
6962181067,2016-04-15,00:00:00,1.0,370.0,386.0,0.95854922279792742,2016-04-12_to_2016-05-12,4,6,false
1844505072,2016-04-15,00:00:00,1.0,644.0,961.0,0.67013527575442244,2016-04-12_to_2016-05-12,4,6,false
8792009665,2016-04-15,00:00:00,1.0,363.0,377.0,0.96286472148541113,2016-04-12_to_2016-05-12,4,6,false
6775888955,2016-04-15,00:00:00,1.0,391.0,406.0,0.96305418719211822,2016-04-12_to_2016-05-12,4,6,false
8792009665,2016-04-22,00:00:00,1.0,391.0,407.0,0.9606879606879607,2016-04-12_to_2016-05-12,11,6,false
7086361926,2016-04-22,00:00:00,1.0,428.0,448.0,0.9553571428571429,2016-04-12_to_2016-05-12,11,6,false
5577150313,2016-04-22,00:00:00,1.0,338.0,366.0,0.92349726775956287,2016-04-12_to_2016-05-12,11,6,false
4319703577,2016-04-22,00:00:00,1.0,533.0,550.0,0.96909090909090911,2016-04-12_to_2016-05-12,11,6,false
4445114986,2016-04-22,00:00:00,1.0,388.0,417.0,0.9304556354916067,2016-04-12_to_2016-05-12,11,6,false
6962181067,2016-04-22,00:00:00,1.0,425.0,435.0,0.97701149425287359,2016-04-12_to_2016-05-12,11,6,false
2026352035,2016-04-22,00:00:00,1.0,520.0,545.0,0.95412844036697253,2016-04-12_to_2016-05-12,11,6,false
8378563200,2016-04-22,00:00:00,1.0,441.0,469.0,0.94029850746268662,2016-04-12_to_2016-05-12,11,6,false
2347167796,2016-04-22,00:00:00,1.0,405.0,461.0,0.87852494577006512,2016-04-12_to_2016-05-12,11,6,false
5553957443,2016-04-22,00:00:00,1.0,322.0,353.0,0.91218130311614731,2016-04-12_to_2016-05-12,11,6,false
6117666160,2016-04-22,00:00:00,1.0,480.0,546.0,0.87912087912087911,2016-04-12_to_2016-05-12,11,6,false
3977333714,2016-04-22,00:00:00,1.0,355.0,476.0,0.74579831932773111,2016-04-12_to_2016-05-12,11,6,false
4388161847,2016-04-22,00:00:00,1.0,82.0,85.0,0.96470588235294119,2016-04-12_to_2016-05-12,11,6,false
1503960366,2016-04-29,00:00:00,1.0,341.0,354.0,0.963276836158192,2016-04-12_to_2016-05-12,18,6,false
6962181067,2016-04-29,00:00:00,1.0,433.0,447.0,0.96868008948545858,2016-04-12_to_2016-05-12,18,6,false
4702921684,2016-04-29,00:00:00,1.0,433.0,447.0,0.96868008948545858,2016-04-12_to_2016-05-12,18,6,false
4558609924,2016-04-29,00:00:00,1.0,171.0,179.0,0.95530726256983245,2016-04-12_to_2016-05-12,18,6,false
4445114986,2016-04-29,00:00:00,1.0,106.0,108.0,0.98148148148148151,2016-04-12_to_2016-05-12,18,6,false
8378563200,2016-04-29,00:00:00,1.0,527.0,562.0,0.93772241992882566,2016-04-12_to_2016-05-12,18,6,false
2026352035,2016-04-29,00:00:00,1.0,490.0,510.0,0.96078431372549022,2016-04-12_to_2016-05-12,18,6,false
6117666160,2016-04-29,00:00:00,1.0,600.0,636.0,0.94339622641509435,2016-04-12_to_2016-05-12,18,6,false
8792009665,2016-04-29,00:00:00,1.0,398.0,406.0,0.98029556650246308,2016-04-12_to_2016-05-12,18,6,false
4319703577,2016-04-29,00:00:00,1.0,523.0,546.0,0.95787545787545791,2016-04-12_to_2016-05-12,18,6,false
5553957443,2016-04-29,00:00:00,1.0,450.0,495.0,0.90909090909090906,2016-04-12_to_2016-05-12,18,6,false
3977333714,2016-04-29,00:00:00,1.0,333.0,478.0,0.696652719665272,2016-04-12_to_2016-05-12,18,6,false
1644430081,2016-04-29,00:00:00,1.0,119.0,127.0,0.937007874015748,2016-04-12_to_2016-05-12,18,6,false
2347167796,2016-04-29,00:00:00,1.0,411.0,473.0,0.86892177589852,2016-04-12_to_2016-05-12,18,6,false
5577150313,2016-04-29,00:00:00,1.0,459.0,485.0,0.94639175257731956,2016-04-12_to_2016-05-12,18,6,false
6962181067,2016-05-06,00:00:00,1.0,443.0,462.0,0.95887445887445888,2016-04-12_to_2016-05-12,25,6,false
3977333714,2016-05-06,00:00:00,1.0,323.0,512.0,0.630859375,2016-04-12_to_2016-05-12,25,6,false
2026352035,2016-05-06,00:00:00,1.0,524.0,548.0,0.95620437956204385,2016-04-12_to_2016-05-12,25,6,false
4319703577,2016-05-06,00:00:00,1.0,450.0,491.0,0.91649694501018331,2016-04-12_to_2016-05-12,25,6,false
6117666160,2016-05-06,00:00:00,2.0,658.0,698.0,0.94269340974212035,2016-04-12_to_2016-05-12,25,6,false
4702921684,2016-05-06,00:00:00,1.0,404.0,449.0,0.89977728285077951,2016-04-12_to_2016-05-12,25,6,false
8378563200,2016-05-06,00:00:00,1.0,323.0,355.0,0.90985915492957747,2016-04-12_to_2016-05-12,25,6,false
5553957443,2016-05-06,00:00:00,1.0,400.0,434.0,0.92165898617511521,2016-04-12_to_2016-05-12,25,6,false
4020332650,2016-05-06,00:00:00,1.0,385.0,408.0,0.94362745098039214,2016-04-12_to_2016-05-12,25,6,false
4445114986,2016-05-06,00:00:00,2.0,374.0,402.0,0.93034825870646765,2016-04-12_to_2016-05-12,25,6,false
1503960366,2016-05-06,00:00:00,1.0,334.0,367.0,0.91008174386920981,2016-04-12_to_2016-05-12,25,6,false
7086361926,2016-05-06,00:00:00,1.0,322.0,333.0,0.96696696696696693,2016-04-12_to_2016-05-12,25,6,false
3977333714,2016-04-16,00:00:00,1.0,283.0,510.0,0.55490196078431375,2016-04-12_to_2016-05-12,5,7,true
6117666160,2016-04-16,00:00:00,1.0,380.0,398.0,0.95477386934673369,2016-04-12_to_2016-05-12,5,7,true
4319703577,2016-04-16,00:00:00,1.0,506.0,522.0,0.96934865900383138,2016-04-12_to_2016-05-12,5,7,true
4388161847,2016-04-16,00:00:00,2.0,426.0,448.0,0.9508928571428571,2016-04-12_to_2016-05-12,5,7,true
1503960366,2016-04-16,00:00:00,2.0,340.0,367.0,0.92643051771117169,2016-04-12_to_2016-05-12,5,7,true
2026352035,2016-04-16,00:00:00,1.0,524.0,567.0,0.92416225749559078,2016-04-12_to_2016-05-12,5,7,true
5553957443,2016-04-16,00:00:00,2.0,651.0,686.0,0.94897959183673475,2016-04-12_to_2016-05-12,5,7,true
4702921684,2016-04-16,00:00:00,2.0,382.0,406.0,0.94088669950738912,2016-04-12_to_2016-05-12,5,7,true
4020332650,2016-04-16,00:00:00,1.0,77.0,77.0,1.0,2016-04-12_to_2016-05-12,5,7,true
7007744171,2016-04-16,00:00:00,1.0,79.0,82.0,0.96341463414634143,2016-04-12_to_2016-05-12,5,7,true
5577150313,2016-04-16,00:00:00,1.0,406.0,445.0,0.91235955056179774,2016-04-12_to_2016-05-12,5,7,true
4445114986,2016-04-16,00:00:00,1.0,462.0,499.0,0.92585170340681366,2016-04-12_to_2016-05-12,5,7,true
8378563200,2016-04-16,00:00:00,2.0,611.0,689.0,0.8867924528301887,2016-04-12_to_2016-05-12,5,7,true
6962181067,2016-04-16,00:00:00,1.0,357.0,366.0,0.97540983606557374,2016-04-12_to_2016-05-12,5,7,true
3977333714,2016-04-23,00:00:00,1.0,235.0,372.0,0.63172043010752688,2016-04-12_to_2016-05-12,12,7,true
4388161847,2016-04-23,00:00:00,1.0,478.0,501.0,0.95409181636726548,2016-04-12_to_2016-05-12,12,7,true
6962181067,2016-04-23,00:00:00,1.0,528.0,546.0,0.967032967032967,2016-04-12_to_2016-05-12,12,7,true
2320127002,2016-04-23,00:00:00,1.0,61.0,69.0,0.88405797101449279,2016-04-12_to_2016-05-12,12,7,true
5577150313,2016-04-23,00:00:00,1.0,384.0,402.0,0.95522388059701491,2016-04-12_to_2016-05-12,12,7,true
8792009665,2016-04-23,00:00:00,1.0,339.0,360.0,0.94166666666666665,2016-04-12_to_2016-05-12,12,7,true
2347167796,2016-04-23,00:00:00,1.0,374.0,386.0,0.9689119170984456,2016-04-12_to_2016-05-12,12,7,true
4702921684,2016-04-23,00:00:00,1.0,465.0,475.0,0.97894736842105268,2016-04-12_to_2016-05-12,12,7,true
8053475328,2016-04-23,00:00:00,1.0,331.0,337.0,0.98219584569732943,2016-04-12_to_2016-05-12,12,7,true
4319703577,2016-04-23,00:00:00,1.0,692.0,722.0,0.95844875346260383,2016-04-12_to_2016-05-12,12,7,true
5553957443,2016-04-23,00:00:00,2.0,631.0,725.0,0.8703448275862069,2016-04-12_to_2016-05-12,12,7,true
6117666160,2016-04-23,00:00:00,1.0,492.0,539.0,0.91280148423005569,2016-04-12_to_2016-05-12,12,7,true
2026352035,2016-04-23,00:00:00,1.0,522.0,554.0,0.9422382671480144,2016-04-12_to_2016-05-12,12,7,true
8378563200,2016-04-23,00:00:00,1.0,565.0,591.0,0.95600676818950936,2016-04-12_to_2016-05-12,12,7,true
1503960366,2016-04-23,00:00:00,1.0,361.0,384.0,0.94010416666666663,2016-04-12_to_2016-05-12,12,7,true
4319703577,2016-04-30,00:00:00,1.0,490.0,516.0,0.94961240310077522,2016-04-12_to_2016-05-12,19,7,true
5553957443,2016-04-30,00:00:00,2.0,775.0,843.0,0.91933570581257418,2016-04-12_to_2016-05-12,19,7,true
4445114986,2016-04-30,00:00:00,1.0,322.0,353.0,0.91218130311614731,2016-04-12_to_2016-05-12,19,7,true
4702921684,2016-04-30,00:00:00,1.0,479.0,501.0,0.95608782435129736,2016-04-12_to_2016-05-12,19,7,true
2026352035,2016-04-30,00:00:00,1.0,573.0,607.0,0.943986820428336,2016-04-12_to_2016-05-12,19,7,true
5577150313,2016-04-30,00:00:00,1.0,412.0,433.0,0.9515011547344111,2016-04-12_to_2016-05-12,19,7,true
1503960366,2016-04-30,00:00:00,1.0,404.0,425.0,0.95058823529411762,2016-04-12_to_2016-05-12,19,7,true
3977333714,2016-04-30,00:00:00,1.0,237.0,382.0,0.62041884816753923,2016-04-12_to_2016-05-12,19,7,true
4388161847,2016-04-30,00:00:00,2.0,409.0,430.0,0.9511627906976744,2016-04-12_to_2016-05-12,19,7,true
6962181067,2016-04-30,00:00:00,1.0,422.0,424.0,0.99528301886792447,2016-04-12_to_2016-05-12,19,7,true
1644430081,2016-04-30,00:00:00,1.0,124.0,142.0,0.87323943661971826,2016-04-12_to_2016-05-12,19,7,true
1844505072,2016-04-30,00:00:00,1.0,722.0,961.0,0.7513007284079084,2016-04-12_to_2016-05-12,19,7,true
7086361926,2016-04-30,00:00:00,1.0,485.0,489.0,0.99182004089979547,2016-04-12_to_2016-05-12,19,7,true
8792009665,2016-04-30,00:00:00,1.0,343.0,360.0,0.95277777777777772,2016-04-12_to_2016-05-12,19,7,true
8378563200,2016-04-30,00:00:00,1.0,468.0,555.0,0.84324324324324329,2016-04-12_to_2016-05-12,19,7,true
2026352035,2016-05-07,00:00:00,1.0,511.0,521.0,0.980806142034549,2016-04-12_to_2016-05-12,26,7,true
4319703577,2016-05-07,00:00:00,1.0,507.0,530.0,0.95660377358490567,2016-04-12_to_2016-05-12,26,7,true
4702921684,2016-05-07,00:00:00,1.0,520.0,543.0,0.9576427255985267,2016-04-12_to_2016-05-12,26,7,true
5553957443,2016-05-07,00:00:00,1.0,442.0,470.0,0.94042553191489364,2016-04-12_to_2016-05-12,26,7,true
4445114986,2016-05-07,00:00:00,2.0,401.0,436.0,0.91972477064220182,2016-04-12_to_2016-05-12,26,7,true
4388161847,2016-05-07,00:00:00,1.0,472.0,496.0,0.95161290322580649,2016-04-12_to_2016-05-12,26,7,true
1503960366,2016-05-07,00:00:00,1.0,331.0,349.0,0.9484240687679083,2016-04-12_to_2016-05-12,26,7,true
3977333714,2016-05-07,00:00:00,1.0,237.0,443.0,0.53498871331828446,2016-04-12_to_2016-05-12,26,7,true
7086361926,2016-05-07,00:00:00,1.0,530.0,548.0,0.96715328467153283,2016-04-12_to_2016-05-12,26,7,true
8378563200,2016-05-07,00:00:00,2.0,459.0,513.0,0.89473684210526316,2016-04-12_to_2016-05-12,26,7,true
8053475328,2016-05-07,00:00:00,1.0,74.0,75.0,0.98666666666666669,2016-04-12_to_2016-05-12,26,7,true
6117666160,2016-05-07,00:00:00,2.0,498.0,507.0,0.98224852071005919,2016-04-12_to_2016-05-12,26,7,true
6962181067,2016-05-07,00:00:00,1.0,298.0,334.0,0.89221556886227549,2016-04-12_to_2016-05-12,26,7,true